677509,Lois Walker,F,lois.walker@hotmail.com,1981-03-29,2003-11-24,168251,467-99-4677,303-572-8492
940761,Brenda Robinson,F,brenda.robinson@gmail.com,1970-07-31,2008-07-27,51063,537-71-4566,225-945-4954
428945,Joe Robinson,M,joe.robinson@gmail.com,1963-06-16,2016-08-03,50155,025-92-3584,219-904-2161
408351,Diane Evans,F,diane.evans@yahoo.com,1977-12-04,1999-04-16,180294,314-35-9851,215-793-6791
193819,Benjamin Russell,M,benjamin.russell@charter.net,1977-04-17,2013-07-25,117642,121-98-7248,262-404-2252
499687,Patrick Bailey,M,patrick.bailey@aol.com,1982-09-27,2005-07-22,72305,439-99-7721,319-812-6957
539712,Nancy Baker,F,nancy.baker@bp.com,1995-06-13,2016-09-14,98189,641-29-2071,229-336-5117
380086,Carol Murphy,F,carol.murphy@gmail.com,1958-06-30,1983-01-28,60918,423-67-7023,216-336-0009
477616,Frances Young,F,frances.young@gmail.com,1959-06-09,1994-04-27,121587,028-92-8912,210-819-9765
162402,Diana Peterson,F,diana.peterson@hotmail.co.uk,1987-11-13,2014-02-17,43010,512-33-6767,479-783-5656
231469,Ralph Flores,M,ralph.flores@yahoo.com,1975-02-05,2009-04-14,118457,302-15-0130,316-280-2864
153989,Jack Alexander,M,jack.alexander@gmail.com,1995-05-19,2017-01-05,82965,428-99-9413,702-603-3769
386158,Melissa King,F,melissa.king@comcast.net,1972-02-24,2015-11-24,166892,277-17-9106,216-605-3731
301576,Wayne Watson,M,wayne.watson@gmail.com,1996-06-26,2017-07-19,92758,011-94-6649,701-231-9370
441771,Cheryl Scott,F,cheryl.scott@gmail.com,1958-02-23,1990-11-26,92220,596-94-2279,215-288-9345
528509,Paula Diaz,F,paula.diaz@gmail.com,1966-08-22,1994-08-22,152654,234-57-7671,252-531-7641
912990,Joshua Stewart,M,joshua.stewart@yahoo.ca,1970-05-18,2002-09-02,184896,755-07-3676,217-279-9342
214352,Theresa Lee,F,theresa.lee@gmail.com,1992-12-05,2015-01-19,197537,055-02-9969,319-553-8919
890290,Julia Scott,F,julia.scott@apple.com,1959-07-15,2005-02-23,141518,251-99-1941,423-939-1010
622406,Thomas Lewis,M,thomas.lewis@gmail.com,1967-10-04,1998-06-07,73862,467-99-2604,314-679-3697
979607,Carol Edwards,F,carol.edwards@msn.com,1994-12-14,2016-04-25,93967,316-35-9870,225-283-4295
969580,Matthew Turner,M,matthew.turner@gmail.com,1993-10-26,2016-02-07,52237,598-92-1988,236-972-7624
426038,Joan Stewart,F,joan.stewart@yahoo.com,1972-11-20,2009-12-30,111673,429-99-6443,216-637-6800
388642,Ruby Rogers,F,ruby.rogers@gmail.com,1980-05-01,2013-08-30,160623,236-55-0172,423-231-6507
560455,Carolyn Hayes,F,carolyn.hayes@hotmail.co.uk,1958-03-10,2001-07-03,42005,730-28-1350,239-882-8784
477253,Anne Russell,F,anne.russell@ibm.com,1989-07-29,2013-11-24,103160,456-99-5619,605-635-1306
263480,Daniel Cooper,M,daniel.cooper@yahoo.com,1990-01-01,2014-03-06,153790,181-86-2024,701-510-8162
683826,Roger Roberts,M,roger.roberts@gmail.com,1969-07-07,2009-01-29,129625,120-98-6493,206-497-3141
474599,Maria Walker,F,maria.walker@microsoft.com,1975-03-19,1998-10-01,48944,447-27-3175,423-668-5506
335732,Brenda Butler,F,brenda.butler@gmail.com,1963-12-06,1987-08-20,60508,282-15-6434,480-814-8284
329752,Lillian Brown,F,lillian.brown@aol.com,1981-05-12,2015-04-13,67251,249-99-8821,239-812-9041
893212,Amy Howard,F,amy.howard@aol.com,1981-06-16,2003-06-01,112715,686-24-2843,803-613-3168
621833,Gregory Edwards,M,gregory.edwards@outlook.com,1993-08-31,2015-09-30,169245,010-94-6817,503-256-9654
456747,Roy Griffin,M,roy.griffin@yahoo.com,1991-05-08,2012-08-23,170895,358-08-7660,219-506-9378
278556,Richard Mitchell,M,richard.mitchell@verizon.net,1993-07-28,2016-08-18,122226,013-94-5886,205-621-5884
333476,Mary Wilson,F,mary.wilson@sbcglobal.net,1967-12-01,1991-12-22,109394,198-84-0652,423-937-8660
218791,Aaron Price,M,aaron.price@bp.com,1969-02-10,1997-07-03,54402,491-29-5152,219-287-8926
134841,Donna Brown,F,donna.brown@aol.com,1983-09-14,2013-07-17,129836,544-81-5182,212-434-7910
726264,Carl Collins,M,carl.collins@yahoo.com,1973-12-22,2007-06-09,162159,544-81-6171,479-740-7633
766610,Joyce Jenkins,F,joyce.jenkins@aol.com,1961-08-22,2010-05-14,119321,695-16-6506,262-455-4187
923947,Mary Bryant,F,mary.bryant@verizon.net,1962-06-21,2004-05-20,155442,491-29-7461,319-827-3516
227922,Amanda Hughes,F,amanda.hughes@rediffmail.com,1982-07-29,2007-04-19,114257,311-35-2540,225-544-9700
265813,Jack Campbell,M,jack.campbell@gmail.com,1985-01-04,2007-07-29,186280,047-15-1537,316-499-5737
247137,Alan Rivera,M,alan.rivera@apple.com,1978-12-11,2006-06-07,154810,399-31-7149,423-277-6819
407061,Elizabeth Jackson,F,elizabeth.jackson@aol.com,1964-08-15,2005-01-19,85420,660-24-4434,603-568-6118
226714,Nancy Davis,F,nancy.davis@ibm.com,1983-11-14,2012-08-25,94986,224-99-5928,219-610-3067
702813,Ernest Martinez,M,ernest.martinez@gmail.com,1989-11-09,2016-01-24,172098,672-48-7749,479-951-4138
524896,Judy Hernandez,F,judy.hernandez@gmail.com,1961-03-25,2011-12-27,133332,534-71-4481,316-736-6126
363065,Nancy Jones,F,nancy.jones@gmail.com,1993-11-10,2015-10-16,61924,681-24-3165,212-825-1930
879753,Pamela Wright,F,pamela.wright@aol.com,1996-04-14,2017-06-09,149262,459-99-9201,307-329-8832
958326,Larry Miller,M,larry.miller@shell.com,1988-10-31,2017-02-22,97904,207-84-9482,217-574-9283
447813,Ann Coleman,F,ann.coleman@ibm.com,1989-05-11,2013-11-19,130014,027-92-0557,319-994-4179
525955,Judy Gonzales,F,judy.gonzales@gmail.com,1959-06-17,1992-01-03,149575,029-92-2155,201-640-8645
818384,Peter Washington,M,peter.washington@bp.com,1982-11-06,2009-11-29,173226,039-74-8867,231-322-0316
971640,Clarence Ross,M,clarence.ross@apple.com,1960-12-13,2008-12-31,165272,372-37-5315,423-772-0118
253573,Sharon Lopez,F,sharon.lopez@gmail.com,1991-05-04,2014-03-07,190139,064-02-2589,304-934-5548
904898,Ann Cooper,F,ann.cooper@exxonmobil.com,1992-12-25,2017-02-15,182521,219-89-6310,406-278-6460
515103,Anne Perez,F,anne.perez@sbcglobal.net,1958-05-05,2003-07-28,114426,594-99-9091,423-837-3338
491943,Nancy Howard,F,nancy.howard@gmail.com,1961-05-05,1999-02-06,101553,035-74-2732,236-973-8086
750173,Antonio Roberts,M,antonio.roberts@hotmail.com,1995-08-27,2017-05-01,181646,281-15-7944,205-267-7304
687017,Frances Watson,F,frances.watson@outlook.com,1961-01-30,2010-08-20,46945,305-37-1946,406-530-8069
241882,Debra Wood,F,debra.wood@hotmail.com,1969-10-30,1991-01-10,84318,342-11-6695,308-646-6219
758872,Henry Jenkins,M,henry.jenkins@hotmail.com,1984-11-06,2017-06-21,102384,499-29-3125,314-731-7135
940922,Melissa Butler,F,melissa.butler@hotmail.com,1994-11-14,2017-02-05,167631,301-15-9149,308-827-9016
917937,Todd Hall,M,todd.hall@yahoo.com,1991-08-31,2016-05-08,163560,633-31-1781,240-513-8668
917395,Christopher Nelson,M,christopher.nelson@aol.com,1960-03-29,1997-11-08,190765,120-98-6155,480-946-9780
183071,Andrea Garcia,F,andrea.garcia@aol.com,1985-07-06,2010-04-18,54179,213-91-6792,219-624-3708
316110,Jeremy Sanchez,M,jeremy.sanchez@hotmail.com,1965-02-05,2006-04-02,178847,474-55-8883,423-974-2755
293459,Steven Phillips,M,steven.phillips@hotmail.com,1986-09-12,2015-03-27,90108,578-53-9940,225-968-5952
732017,Cynthia Ramirez,F,cynthia.ramirez@btinternet.com,1982-09-22,2009-02-18,90531,355-08-4606,406-961-7340
915638,Jason Anderson,M,jason.anderson@gmail.com,1974-01-03,1999-09-21,76636,048-15-7937,217-856-6752
478003,Cynthia White,F,cynthia.white@gmail.com,1963-06-15,2004-03-04,186200,364-39-4983,314-593-3092
951225,Margaret Brooks,F,margaret.brooks@gmail.com,1992-06-27,2016-08-26,43867,057-02-6958,303-960-0117
883936,Douglas Flores,M,douglas.flores@gmail.com,1986-04-21,2009-09-10,181793,324-11-6837,303-836-4721
528673,Paul Watson,M,paul.watson@hotmail.com,1959-03-09,1995-06-26,145235,286-15-9671,270-556-7711
765850,Linda Moore,F,linda.moore@gmail.com,1991-08-18,2017-05-15,113256,286-15-5442,215-793-7095
262382,Cheryl Miller,F,cheryl.miller@ntlworld.com,1985-04-20,2007-07-30,64143,287-15-4772,270-880-3858
870820,Martha Washington,F,martha.washington@aol.com,1991-03-28,2017-03-03,116629,416-67-0297,405-945-0242
806955,William Hernandez,M,william.hernandez@rediffmail.com,1967-07-22,2000-03-21,73734,629-31-9010,239-276-0532
325319,Carolyn Price,F,carolyn.price@yahoo.com,1976-05-30,2014-11-05,48736,512-33-3410,217-409-4338
623253,Ruby Stewart,F,ruby.stewart@gmail.com,1968-10-23,2017-07-02,174774,007-11-1727,218-445-2369
225925,Paul Cooper,M,paul.cooper@gmail.com,1991-08-12,2014-09-08,73526,613-87-0084,210-984-4722
761821,Ernest Washington,M,ernest.washington@msn.com,1984-10-28,2015-01-31,176675,178-86-1878,212-596-1659
400173,Dorothy Edwards,F,dorothy.edwards@hotmail.co.uk,1984-01-19,2013-12-31,179017,543-81-2192,215-902-6888
802554,Ryan Alexander,M,ryan.alexander@shell.com,1993-08-01,2014-08-31,106628,017-94-7572,225-395-3347
476433,Lillian Mitchell,F,lillian.mitchell@shaw.ca,1974-10-23,1999-12-07,149878,505-59-3960,316-876-1484
533952,Kelly Adams,F,kelly.adams@bp.com,1975-05-23,2013-07-04,51878,474-55-8101,405-418-0037
623929,Jimmy Howard,M,jimmy.howard@yahoo.com,1966-11-27,2007-12-12,120631,610-87-0251,212-855-9316
844177,Margaret Allen,F,margaret.allen@gmail.com,1981-09-08,2013-05-17,180107,137-25-8468,216-697-6987
212893,Janet Henderson,F,janet.henderson@ntlworld.com,1979-12-24,2012-12-18,114481,018-94-7340,239-769-6347
185032,Eugene Perez,M,eugene.perez@exxonmobil.com,1979-10-06,2014-12-08,122950,192-86-6418,262-472-7112
867084,Deborah Smith,F,deborah.smith@yahoo.com,1977-10-31,2002-03-04,52767,173-86-6203,907-279-8694
969964,Janice Parker,F,janice.parker@yahoo.com,1980-01-12,2016-08-23,147641,733-26-1976,314-842-5984
158666,Rebecca Stewart,F,rebecca.stewart@gmail.com,1961-08-11,1983-04-10,160043,202-84-8294,209-233-7631
489424,Phillip White,M,phillip.white@gmail.com,1978-03-04,2016-01-05,181774,447-27-9469,503-668-6592
639892,Jose Hill,M,jose.hill@hotmail.com,1994-10-08,2016-07-09,129774,171-86-3825,228-245-5000
704709,Harold Nelson,M,harold.nelson@gmail.com,1984-12-24,2011-08-23,156194,456-99-2066,217-555-9216
461593,Nicole Ward,F,nicole.ward@yahoo.com,1964-12-12,1989-01-23,95673,196-84-2551,231-761-7861
392491,Theresa Murphy,F,theresa.murphy@gmail.com,1987-12-30,2010-08-03,51015,249-99-8801,907-356-1555
495141,Tammy Young,F,tammy.young@comcast.net,1979-03-22,2015-04-25,93650,771-02-7046,231-290-3075
